NTA_lat,NTA_long
40.76835158791792,-73.80954590112775
40.763352201155264,-73.86839559826987
40.73489448639476,-73.78371636114144
40.755733929854735,-73.98350302087132
40.81805458849719,-73.85618761808409
40.69120183503448,-73.76314607498037
40.68796681288217,-73.96236332341726
40.83782589267865,-73.92615881201503
40.58840281805082,-73.98143050413951
40.6173149605957,-73.9703258001996
40.82790015500255,-73.86968191369107
40.70353497043596,-73.87574826054426
40.8765133819302,-73.89562209795781
40.67615527360135,-73.81945921646091
40.6536119760564,-73.97798272747355
40.638042327711965,-73.89975089660601
40.54033376720194,-74.20782757948685
40.84905813130867,-73.90512194941381
40.79037998138091,-73.97390784022548
40.877142279045074,-73.87902106926857
40.86768209053005,-73.8901836362078
40.742675812407576,-73.75461549910108
40.75257951269893,-73.86303630152253
40.5790886862993,-73.97339094988965
40.72615545587401,-73.86333861099067
40.882156187836735,-73.858949122879
40.78819127627854,-73.81564320134655
40.67559942676986,-73.84704874573309
40.64059013188992,-73.97619901935508
40.66218792310775,-73.76448889899105
40.69079510513449,-73.97488147952565
40.647526284927736,-73.88241259897559
40.73682434672817,-73.9840542975779
40.67663761763486,-73.91364751083654
40.81825954558028,-73.91285012599909
40.8275124428439,-73.90235187026127
40.83399611808212,-73.8858973508187
40.72639943341965,-73.81866840459611
40.72833317193866,-73.80244496724222
40.7541089694526,-73.80729444050496
40.71063933412504,-73.7611370511429
40.657841468762136,-73.73945475132105
40.86526567552461,-73.90591108498285
40.85252203480638,-73.91597420552891
40.703916526132,-73.95859674795682
40.89953496820569,-73.9069847604234
40.60491359561196,-73.94813559482512
40.62092403927339,-73.95682458081475
40.71545452531067,-73.74153181008387
40.69442746765774,-73.79096387824596
40.6461118953468,-73.9516232199433
40.6145798899856,-73.91524588487795
40.88240602000621,-73.91066684061103
40.69454069442224,-73.83092640099397
40.79113032453567,-73.88265513781992
40.75103562298981,-73.78794881529473
40.76149375451989,-73.91969704447682
40.72065535481476,-73.77610063972261
40.700560683154535,-73.91776601133527
40.704368757648346,-73.79397966825385
40.742348941749,-73.85837079063434
40.706531363612704,-73.90171541060506
40.73831641714256,-73.89217317475966
40.68816824316435,-73.93188820624536
40.85778148187093,-73.88586708731046
40.84496706418226,-73.88552387705329
40.71536854625292,-73.93679688042977
40.84274666378669,-73.90031781559387
40.85815440178615,-73.89953703434388
40.76416511873816,-73.9923992723976
40.74758077289947,-73.99901992342878
40.77732494193296,-73.94868255727877
40.86788284818757,-73.91766203747093
40.69150749761983,-73.9499050211329
40.80788646974493,-73.96254407122397
40.696458816404906,-73.92511472597955
40.80433264424693,-73.95129424485714
40.69434146001008,-73.73555421066426
40.618729466067954,-74.07370560707996
40.76372843942197,-73.73693765999688
40.8011684124129,-73.93734577107963
40.771570382460126,-73.92833316728714
40.76273268441473,-73.77342351074492
40.67446900360093,-73.93929053594061
40.735489628023046,-73.72665578734754
40.745993478570256,-73.71102517964985
40.66655893770658,-73.89536412006585
40.7573118592526,-73.88532108050227
40.715607062984,-73.99462954009593
40.66400194868426,-73.9102548637828
40.64394703597234,-73.93793003186316
40.65236498945404,-73.92225092111902
40.626273053875394,-73.93009687459897
40.83774661945086,-73.857988846515
40.720766121035,-74.00474750215801
40.70800739748584,-74.01024580889407
40.65238020582426,-74.01123625854488
40.7178410373628,-73.980910550939
40.6042602259382,-74.0074826443686
40.76496428316049,-73.95508804905873
40.75755983715688,-73.93874960665772
40.58679198950333,-74.08551310571646
40.60032103687097,-74.07177466676795
40.780923219140085,-73.84280567084586
40.66461062709398,-73.79861594419954
40.79001128708913,-73.94575086002436
40.61222181802147,-73.99526015577835
40.60142535315765,-73.98354410301937
40.54577851890854,-74.12835122251354
40.81802267808448,-73.95382231943233
40.807347132488246,-73.91682138430652
40.864004852787474,-73.86490227801215
40.774846583393455,-73.98469930623426
40.67764232716247,-73.96758605431256
40.6224386002368,-74.01209534451164
40.62485462355716,-74.02988679847549
40.68873094404904,-73.85576448007149
40.67877154902519,-74.00389956866022
40.67122829682977,-73.9839032868623
40.580922842200685,-73.9612157959808
40.59995428597973,-73.96433366873585
40.57648122289529,-73.99123405592606
40.61688447148831,-74.12535267818313
40.63897114145984,-74.10231018500836
40.7543131841428,-73.969018457856
40.8979309523011,-73.85221587988438
40.872461131701534,-73.84799806584263
40.66094626441516,-73.87683924673846
40.65817283235107,-73.8448871234811
40.63094965530206,-73.98866123041203
40.729499700807246,-73.94951695167907
40.83210042759504,-73.84864267680445
40.586559675799926,-74.13297490106345
40.8739796481424,-73.82827934026612
40.77472985232449,-73.96117409546248
40.81825704827704,-73.9407715246055
40.82703366691069,-73.94846693409417
40.68217801866513,-73.8783344135671
40.63790027576093,-73.96097028863977
40.72762033383255,-73.98593461195252
40.73304509562114,-74.0015466372372
40.83051123046775,-73.91578860603548
40.82899723894171,-73.92439888928251
40.71833790869767,-73.8800535211673
40.739494889149,-73.8771183268101
40.71491531202915,-73.95862346789869
40.84170651959694,-73.9413997364771
40.78794252871055,-73.95480022002575
40.83416510207033,-73.87228720813977
40.74308450685255,-73.81964130040596
40.64188919436901,-74.00464613077847
40.85440419560324,-73.85439415452791
40.71159464381615,-73.80871182405201
40.708057064978334,-73.82870070870557
40.85710625070862,-73.9328333834672
40.76109341292025,-73.82886536759752
40.864473327711245,-73.84742993441685
40.67591683093109,-73.74452524140894
40.84659693662345,-73.8064931176088
40.561996180014745,-74.12259011864387
40.55186011949582,-74.15088962486898
40.52864510106311,-74.18773391921759
40.52552798467472,-74.23355367045801
40.60244626135848,-73.75531195191157
40.630050007081216,-74.10286114917746
40.82333237464716,-73.82358795790547
40.73977233207323,-73.93121209200034
40.88093721535438,-73.83664062764922
40.69546846088989,-73.99486984638675
40.57176579450207,-74.10500837353116
40.61797302808805,-74.08783920014451
40.57148479270609,-73.87647357091808
40.59405971011894,-73.78962139431397
40.69292731152471,-73.98598652422982
40.59586510626867,-74.17636527723057
40.552659638767565,-74.18848213217112
40.74422103839783,-73.9775154803447
40.731811743434726,-73.97656325695826
40.74927804184557,-73.90373166031507
40.84678571296774,-73.85066353057776
40.72399512905009,-73.90232988043324
40.658744262387785,-73.94744157690593
40.66653550984713,-73.94877561651239
40.77741722310929,-73.90540613741359
40.783329944305535,-73.78596157151313
40.58829946031913,-73.94151065111895
40.62309491347943,-73.91958830094578
40.81967506615691,-73.89895677783043
40.67209021092979,-73.77303860760561
40.67895334366065,-73.79098745213146
40.72143075227868,-73.84767281529506
40.69030234217424,-73.83276348348065
40.81208906407824,-73.88554684118738
40.63130730484034,-74.16737144321361
40.62816722670551,-74.14078722784741
